Rank,Brand,Project_Location_Count,Amenities_Services_Page,Fees_Membership_Page,Best_Location_Level_Example_Page,Fee_Status,Fee_Summary_CAD,Key_Amenities_Services_Listed,Personal_Training_Status,Group_Classes_Status,Spa_Recovery_Status,Location_Specific_Note,Source_Checked_Date,Data_Use
1,GoodLife Fitness,23,https://www.goodlifefitness.com/home.html,https://www.goodlifefitness.com/membership.html,https://www.goodlifefitness.com/clubs/club.36.html,Published membership offers; fees and amenities vary by club location,Example official pages show bi-weekly plans; location pages may show club-specific pricing.,Cardio and strength equipment; group fitness; personal training/programs; app/on-demand workouts; towel service at some clubs; 24/7 access at participating clubs.,Available / program-based,Available at many clubs,Varies by club,Use individual club pages for final fee/amenity verification.,2026-07-28,Use for brand-level source links and dashboard drill-through; do not treat fee as universal.
2,Fit4Less,18,https://www.fit4less.ca/membership,https://www.fit4less.ca/membership,https://www.fit4less.ca/join-now,Published national membership pricing with annual fee notes,Starts at $7.99 every two weeks; Black Card shown at $13.99 every two weeks; $49.99 annual fee plus tax.,Wi-Fi; 30-minute express circuit; Black Card workout area; hydromassage; massage chairs; tanning; one-location or all-location access depending on plan.,Not core brand feature,Limited / express circuit,"Hydromassage, massage chairs, tanning where available",Amenities such as tanning/recovery services are at participating clubs and where available.,2026-07-28,Strong fee benchmark for budget-gym competition.
3,Planet Fitness,11,https://www.planetfitness.ca/gym-memberships,https://www.planetfitness.ca/gym-memberships,https://www.planetfitness.ca/gyms/barrie,Published starting price; club-specific offers show details,Memberships starting at $15/month; example Ontario club pages show $49 annual fee and Black Card-style amenities.,Cardio and strength equipment; free in-club fitness training; app workouts; HydroMassage; massage chairs; tanning; Total Body Enhancement; Wi-Fi; guest privileges depending on plan.,Free fitness training / small group formats,Fitness training sessions available,"HydroMassage, massage chairs, tanning, Total Body Enhancement where available",Use each club offer page for exact monthly price and included perks.,2026-07-28,Strong fee and amenity benchmark for budget-club competitor analysis.
4,Anytime Fitness,10,https://www.anytimefitness.ca/membership/,https://www.anytimefitness.ca/membership/,https://www.anytimefitness.ca/gyms/5206/barrie-on-l4n-7t9/,Pricing varies by location; some club pages publish starting plans,Official membership page says pricing varies by location; example Ontario club page showed 12-month plan starting at $27.99 bi-weekly.,24/7 gym access; global access; fitness consultation; coaching/personal training services vary by club.,Available at many clubs; location-specific,Location-specific,Usually limited / location-specific,Use each gym page for actual local price and coaching services.,2026-07-28,Useful for 24/7 convenience-gym comparison.
5,Crunch Fitness,10,https://www.crunchfitness.ca/,https://www.crunchfitness.ca/faq,https://www.crunchfitness.ca/locations/windsor,Pricing varies by club; location pages publish local offers,Official about/FAQ pages mention memberships from about $14.99/month and typical annual fee of $59.99 + tax; example club pages show local plan pricing.,Cardio; weights; machines; locker rooms/showers; group classes; personal training; HIITZone; sauna/steam/towel service at some Signature clubs.,Available,Available,Varies; sauna/steam/towel service mainly in Signature clubs,Use local club/join page for exact plan tiers and included amenities.,2026-07-28,Good benchmark for budget-to-mid clubs with richer amenities.
6,Orangetheory Fitness,9,https://www.orangetheory.com/en-ca/memberships,https://www.orangetheory.com/en-ca/memberships,https://www.orangetheory.com/en-us/locations,Pricing is studio/location-specific,Memberships are plan/class-pack based and location-specific; use studio page or inquiry for final price.,Coach-led heart-rate-based group workouts; class packages; app/member experience; studio training model.,Coached group training model,Core offering,Not core offering,Use selected studio page for offer/pricing validation.,2026-07-28,Boutique premium comparator rather than direct big-box competitor.
7,F45 Training,6,https://f45training.com/article/what-is-f45/,https://f45training.com/faqs/,https://f45training.com/ca/studio/milton/,Pricing varies by independently owned studio,Official FAQ says membership pricing differs by location; example studio pages may show trial offers such as 3 classes for $30 or 7 days for $35.,Functional group fitness; HIIT; cardio/resistance/hybrid workouts; coached training; studio classes; some studios add recovery services.,Coached group training,Core offering,Location-specific; some studios offer recovery services,Use studio page for membership options and any recovery add-ons.,2026-07-28,Boutique/functional training demand indicator.
8,Movati Athletic,5,https://movatiathletic.com/movati-memberships/,https://movatiathletic.com/movati-memberships/,https://movatiathletic.com/windsor/,Membership page and promotions published; club/location amenities vary,"Official site shows enrolment promotions, but monthly dues usually require membership flow or club inquiry.",Premium equipment; strength zones; multiple studios; women-only club-within-a-club; pools; hot tubs; saunas; steam rooms; personal training; Pilates/cycle/yoga-style studios depending on club.,Available,Available / many studio types,"Strong; pools, hot tubs, saunas, steam rooms where available",Use each club page for exact amenity set.,2026-07-28,Premium/full-service comparator for high-income market zones.
9,LA Fitness,3,https://www.lafitness.com/pages/default.aspx,https://www.lafitness.com/pages/MembershipSignUpSearch.aspx,https://www.lafitness.com/Pages/clubhome.aspx?clubid=461,Club-specific fee pages publish exact plans,Example Ontario membership rate page showed $39.99-$49.99/month options plus $79 annual fee; exact fees vary by selected club and offer.,Strength and cardio equipment; group fitness; personal training; locker room; sauna/steam; pools/courts at some clubs; app/services.,Available; may carry additional charge,Available,"Varies; sauna, steam, pool/whirlpool at some clubs",Use the selected club's signup/rate and clubhome pages for final decision-grade data.,2026-07-28,Full-service competitor comparison for larger markets.
10,World Gym,3,https://worldgym-canada.com/,https://www.worldgym.com/locations,https://www.worldgym.com/guelph/,Pricing is club-specific; some club pages publish pricing separately,"Official/club pages show amenities; some World Gym locations publish pricing, but pricing is not uniform across Canada.",Cardio; free weights; strength machines; group classes; personal training/coaching; 24-hour access at some clubs; hydromassage/tanning/kids areas at some clubs.,Available at many clubs,Available at many clubs,Location-specific; hydromassage/tanning/sauna at some clubs,Use individual club pages for final amenities and fee validation.,2026-07-28,Strength-focused and full-service competitor comparison.
