Province,Municipality,Market_Zone,Draft_Zone_Label,Zone_Type,Zone_Basis,Review_Status,Number_of_DAs,Population,Land_Area_km2,Population_Density,Municipality_Pop_Growth_Pct,Median_Household_Income,Average_Household_Income,Age_20_34,Age_20_34_Pct,Age_18_34_Estimated,Age_18_34_Pct,Student_Age_Proxy_20_24,Student_Age_Proxy_20_24_Pct,Occupied_Dwellings,Apartment_Dwellings,Apartment_Pct,Renter_Households,Renter_Pct,Labour_Force,Employed,Unemployed,Employment_Rate,Unemployment_Rate,Demand_Fit_Score_Preliminary
Ontario,Barrie,Northwest Barrie,Northwest,Mixed Residential Market,"Draft spatial cluster of nearby dissemination areas; validate with local roads, neighbourhoods, anchors, and retail corridors.",Draft - needs local validation,70,37963,18.28,2076.8,0.045,86010,98175,8030,0.21152174485683428,8818,0.23227879777678265,2345,0.061770671443247376,14875,4915,0.3304201680672269,5410,0.3641871423763043,19875,17110,2765,54.92776886035313,13.91194968553459,59.6
Ontario,Barrie,Southwest Barrie,Southwest,Higher-Income Suburban Market,"Draft spatial cluster of nearby dissemination areas; validate with local roads, neighbourhoods, anchors, and retail corridors.",Draft - needs local validation,61,37555,41.37,907.8,0.045,106091,118557,7865,0.2094261749434163,8945,0.23818399680468647,2410,0.06417254693116763,13205,2340,0.1772056039379023,3255,0.24705882352941178,21305,18775,2540,62.13801092172761,11.92208401783619,45.1
Ontario,Barrie,East Barrie,East,Higher-Income Suburban Market,"Draft spatial cluster of nearby dissemination areas; validate with local roads, neighbourhoods, anchors, and retail corridors.",Draft - needs local validation,47,36951,25.64,1441.1,0.045,113311,125776,6720,0.18186246650970203,7806,0.2112527401152878,2325,0.06292116586831209,12515,1175,0.09388733519776268,2535,0.2026378896882494,20085,17705,2370,59.81418918918919,11.799850634802091,41.5
Ontario,Barrie,Northeast Barrie,Northeast,Mixed Residential Market,"Draft spatial cluster of nearby dissemination areas; validate with local roads, neighbourhoods, anchors, and retail corridors.",Draft - needs local validation,65,35360,13.73,2575.4,0.045,79329,94266,9125,0.25805995475113125,9817,0.27763009049773757,3005,0.08498303167420815,14805,5905,0.3988517392772712,6645,0.4500507958008805,18865,16515,2395,55.56864064602961,12.695467797508615,69.9
Ontario,Greater Sudbury / Grand Sudbury,East Greater Sudbury / Grand Sudbury,East,Lower-Density Residential Market,"Draft spatial cluster of nearby dissemination areas; validate with local roads, neighbourhoods, anchors, and retail corridors.",Draft - needs local validation,78,45918,479.62,95.7,0.027999999999999997,89833,104475,8425,0.18347924561174267,9409,0.20490875038111417,2850,0.0620671632039723,19125,4310,0.225359477124183,5985,0.31196247068021893,22855,20305,2555,53.53282362246243,11.179173047473201,43.3
Ontario,Greater Sudbury / Grand Sudbury,South Greater Sudbury / Grand Sudbury,South,Lower-Density Residential Market,"Draft spatial cluster of nearby dissemination areas; validate with local roads, neighbourhoods, anchors, and retail corridors.",Draft - needs local validation,98,60321,222.52,271.1,0.027999999999999997,76731,92725,13475,0.2233882064289385,14633,0.24258550090349962,4695,0.07783359029193813,28485,14240,0.49991223450939093,15155,0.5325953259532595,30445,26910,3505,53.62160007970509,11.512563639349647,61.4
Ontario,Greater Sudbury / Grand Sudbury,North Greater Sudbury / Grand Sudbury,North,Higher-Income Suburban Market,"Draft spatial cluster of nearby dissemination areas; validate with local roads, neighbourhoods, anchors, and retail corridors.",Draft - needs local validation,46,28800,1239.73,23.2,0.027999999999999997,106092,117849,4795,0.16649305555555555,5503,0.1910763888888889,1500,0.052083333333333336,11190,1075,0.09606791778373548,1725,0.1542933810375671,15285,13780,1530,57.69311283232154,10.009813542688912,32.6
Ontario,Greater Sudbury / Grand Sudbury,West Greater Sudbury / Grand Sudbury,West,Lower-Density Residential Market,"Draft spatial cluster of nearby dissemination areas; validate with local roads, neighbourhoods, anchors, and retail corridors.",Draft - needs local validation,30,19950,548.53,36.4,0.027999999999999997,93289,106627,3340,0.1674185463659148,3738,0.18736842105263157,980,0.04912280701754386,8365,1440,0.17214584578601316,2085,0.24880668257756564,9785,9110,680,55.02869223799456,6.949412365866121,38.6
Ontario,Greater Sudbury / Grand Sudbury,Southwest Greater Sudbury / Grand Sudbury,Southwest,Higher-Income Suburban Market,"Draft spatial cluster of nearby dissemination areas; validate with local roads, neighbourhoods, anchors, and retail corridors.",Draft - needs local validation,15,11015,695.87,15.8,0.027999999999999997,112859,127852,1560,0.141625056740808,1816,0.1648660916931457,495,0.044938719927371765,4355,255,0.05855338691159587,430,0.0996523754345307,5610,5205,415,58.352017937219735,7.397504456327986,27.7
Ontario,Guelph,North Guelph,North,Mixed Residential Market,"Draft spatial cluster of nearby dissemination areas; validate with local roads, neighbourhoods, anchors, and retail corridors.",Draft - needs local validation,70,51276,25.52,2009.2,0.091,89863,104641,10805,0.2107223652390982,11833,0.23077073094625167,2770,0.05402137452219362,21280,7340,0.3449248120300752,6870,0.3232180663373324,28460,25690,2740,61.532934131736525,9.627547434996487,58.8
Ontario,Guelph,West Guelph,West,Mixed Residential Market,"Draft spatial cluster of nearby dissemination areas; validate with local roads, neighbourhoods, anchors, and retail corridors.",Draft - needs local validation,65,40652,21.73,1870.8,0.091,88726,100094,8845,0.21757847092393978,9729,0.23932401849847487,2525,0.06211256518744465,15800,6130,0.3879746835443038,6500,0.41191381495564006,22195,19630,2595,58.922407324028214,11.691822482541113,62
Ontario,Guelph,South Guelph,South,Mixed Residential Market,"Draft spatial cluster of nearby dissemination areas; validate with local roads, neighbourhoods, anchors, and retail corridors.",Draft - needs local validation,40,22586,14.4,1568.5,0.091,97081,115684,6030,0.2669795448507925,6630,0.2935446736916674,2495,0.1104666607633047,8975,2530,0.2818941504178273,3620,0.4004424778761062,12730,11150,1580,57.937126526370484,12.411626080125687,59.2
Ontario,Guelph,Southeast Guelph,Southeast,Higher-Income Suburban Market,"Draft spatial cluster of nearby dissemination areas; validate with local roads, neighbourhoods, anchors, and retail corridors.",Draft - needs local validation,25,29226,25.75,1135,0.091,117460,137571,6905,0.23626223225894752,7763,0.26561965373297747,2740,0.09375213850680901,10425,1800,0.17266187050359713,2305,0.22184793070259864,16565,14820,1770,61.60881313656205,10.68517959553275,45
Ontario,Hamilton,North Hamilton,North,Higher-Income Suburban Market,"Draft spatial cluster of nearby dissemination areas; validate with local roads, neighbourhoods, anchors, and retail corridors.",Draft - needs local validation,52,37983,251.89,150.8,0.06,129468,150530,6705,0.17652634073137982,7623,0.20069504778453517,2330,0.06134323249874944,13275,960,0.07231638418079096,1735,0.1299625468164794,21620,19635,2005,64.08289817232375,9.27382053654024,30
Ontario,Hamilton,Central Hamilton,Central,Value-Oriented Rental Market,"Draft spatial cluster of nearby dissemination areas; validate with local roads, neighbourhoods, anchors, and retail corridors.",Draft - needs local validation,304,165022,60.16,2743.1,0.06,67965,79771,42610,0.2582079965095563,45466,0.2755147798475355,10765,0.06523372641223595,75405,37270,0.49426430608049865,39515,0.524002121734518,85345,73585,11830,53.0992928272478,13.861386138613863,74.3
Ontario,Hamilton,West Hamilton,West,Higher-Income Suburban Market,"Draft spatial cluster of nearby dissemination areas; validate with local roads, neighbourhoods, anchors, and retail corridors.",Draft - needs local validation,149,97733,139.22,702,0.06,110894,133151,18755,0.19190038165205203,21183,0.21674357688805215,7305,0.07474445683648308,36925,7670,0.2077183480027082,9175,0.24847664184157076,50235,44605,5690,54.98982925476176,11.326764208221359,41.7
Ontario,Hamilton,South Hamilton,South,Mixed Residential Market,"Draft spatial cluster of nearby dissemination areas; validate with local roads, neighbourhoods, anchors, and retail corridors.",Draft - needs local validation,174,111366,50.13,2221.5,0.06,92425,103515,21750,0.19530197726415602,24558,0.2205161359840526,7330,0.06581901118833396,39910,5400,0.1353044349787021,11145,0.27879924953095686,54150,46880,7230,51.098152487873996,13.351800554016622,50.9
Ontario,Hamilton,South 2 Hamilton,South 2,Higher-Income Suburban Market,"Draft spatial cluster of nearby dissemination areas; validate with local roads, neighbourhoods, anchors, and retail corridors.",Draft - needs local validation,15,19742,180.16,109.6,0.06,119270,131010,3000,0.15196028771147807,3492,0.17688177489616047,790,0.04001620909735589,6435,140,0.021756021756021756,540,0.08411214953271028,10410,9490,920,63.43582887700535,8.837656099903938,27.4
Ontario,Hamilton,Southeast Hamilton,Southeast,Higher-Income Suburban Market,"Draft spatial cluster of nearby dissemination areas; validate with local roads, neighbourhoods, anchors, and retail corridors.",Draft - needs local validation,71,57027,67.93,839.5,0.06,103356,115206,11470,0.2011327967454013,12912,0.22641906465358513,3590,0.06295263647044383,19290,2085,0.10808709175738725,4185,0.2172333246820659,29480,26010,3580,57.158554005054384,12.143826322930801,41.2
Ontario,Hamilton,East Hamilton,East,Lower-Density Residential Market,"Draft spatial cluster of nearby dissemination areas; validate with local roads, neighbourhoods, anchors, and retail corridors.",Draft - needs local validation,111,72137,84.86,850.1,0.06,85635,99835,12785,0.17723221093197666,14349,0.19891317908978748,3855,0.05343998225598514,28600,8900,0.3111888111888112,9605,0.33613298337707787,35140,30720,4430,50.75169337518586,12.606715993170175,49.7
Ontario,Hamilton,West 2 Hamilton,West 2,Higher-Income Suburban Market,"Draft spatial cluster of nearby dissemination areas; validate with local roads, neighbourhoods, anchors, and retail corridors.",Draft - needs local validation,15,8343,283.99,29.4,0.06,115581,140423,1285,0.15402133525110873,1499,0.17967158096607935,475,0.056933956610332015,2870,200,0.06968641114982578,270,0.09557522123893805,4480,4195,255,62.65870052277819,5.691964285714286,29
Ontario,Kingston,Northeast Kingston,Northeast,Lower-Density Residential Market,"Draft spatial cluster of nearby dissemination areas; validate with local roads, neighbourhoods, anchors, and retail corridors.",Draft - needs local validation,26,21915,69.54,315.1,0.07,93469,107056,3990,0.18206707734428473,4496,0.2051562856490988,1115,0.05087839379420488,8995,2585,0.2873818788215675,3340,0.36906077348066296,10690,9330,1310,51.53272576636289,12.25444340505145,46.7
Ontario,Kingston,South Kingston,South,Student / Young Adult Market,"Draft spatial cluster of nearby dissemination areas; validate with local roads, neighbourhoods, anchors, and retail corridors.",Draft - needs local validation,98,53926,35.19,1532.4,0.07,65002,81965,16280,0.30189518970440976,17392,0.32251604049994437,6005,0.11135630308200126,26735,15695,0.5870581634561436,16945,0.6350009368559115,27665,23230,4440,50.4013885875461,16.049159587926983,73.5
Ontario,Kingston,West Kingston,West,Higher-Income Suburban Market,"Draft spatial cluster of nearby dissemination areas; validate with local roads, neighbourhoods, anchors, and retail corridors.",Draft - needs local validation,63,50806,143.85,353.2,0.07,100898,114665,8535,0.1679919694524269,9671,0.19035153328347046,2640,0.051962366649608314,20060,3225,0.16076769690927217,5030,0.25043564849390093,25900,23200,2695,55.46921697549313,10.405405405405405,39.1
Ontario,Kingston,Northeast 2 Kingston,Northeast 2,Higher-Income Suburban Market,"Draft spatial cluster of nearby dissemination areas; validate with local roads, neighbourhoods, anchors, and retail corridors.",Draft - needs local validation,9,5838,202.98,28.8,0.07,116156,131256,950,0.16272696128811237,1068,0.1829393627954779,260,0.044535799931483384,2020,5,0.0024752475247524753,170,0.08478802992518704,2710,2380,310,54.58715596330275,11.439114391143912,25.8
Ontario,Kitchener,North Kitchener,North,Mixed Residential Market,"Draft spatial cluster of nearby dissemination areas; validate with local roads, neighbourhoods, anchors, and retail corridors.",Draft - needs local validation,53,30424,20.88,1457.1,0.10099999999999999,90282,107754,6240,0.20510123586642123,6878,0.22607152248225085,1710,0.05620562713647121,12705,4025,0.3168044077134986,4425,0.34911242603550297,16905,15110,1820,59.25490196078431,10.766045548654244,55.5
Ontario,Kitchener,Northwest Kitchener,Northwest,Dense Urban Market,"Draft spatial cluster of nearby dissemination areas; validate with local roads, neighbourhoods, anchors, and retail corridors.",Draft - needs local validation,85,57032,15.72,3628,0.10099999999999999,69318,83663,16300,0.2858044606536681,17216,0.3018656193014448,3700,0.06487585916678355,26945,16245,0.6028947856745221,16625,0.6175705794947994,31560,27800,3765,57.712269047124764,11.929657794676807,84.8
Ontario,Kitchener,West Kitchener,West,Higher-Income Suburban Market,"Draft spatial cluster of nearby dissemination areas; validate with local roads, neighbourhoods, anchors, and retail corridors.",Draft - needs local validation,86,67749,23.69,2859.8,0.10099999999999999,100726,110132,14385,0.2123278572377452,16115,0.2378632894950479,4245,0.0626577514059248,23595,3565,0.15109133290951474,6420,0.2718611052297269,36775,32620,4075,60.19560804576491,11.080897348742353,55.5
Ontario,Kitchener,South Kitchener,South,Higher-Income Suburban Market,"Draft spatial cluster of nearby dissemination areas; validate with local roads, neighbourhoods, anchors, and retail corridors.",Draft - needs local validation,34,48001,46.97,1022,0.10099999999999999,111861,127335,11025,0.22968271494343867,12275,0.25572383908668567,3245,0.06760275827586926,15970,2315,0.14495929868503443,4015,0.2528337531486146,26660,24060,2605,63.853503184713375,9.77119279819955,45.5
Ontario,Kitchener,East Kitchener,East,Mixed Residential Market,"Draft spatial cluster of nearby dissemination areas; validate with local roads, neighbourhoods, anchors, and retail corridors.",Draft - needs local validation,63,53679,29.62,1812.3,0.10099999999999999,91269,105316,11775,0.21935952607164813,12929,0.24085769108962538,3500,0.06520240690027758,20665,7705,0.37285264940721025,8630,0.41670690487687106,27850,24720,3090,56.53516295025729,11.095152603231599,60.8
Ontario,London,North London,North,Higher-Income Suburban Market,"Draft spatial cluster of nearby dissemination areas; validate with local roads, neighbourhoods, anchors, and retail corridors.",Draft - needs local validation,68,72942,52.75,1382.8,0.1,96264,115405,15075,0.20667105371390967,17031,0.23348687998683887,5575,0.07643058868690192,26995,6990,0.2589368401555844,9430,0.34925925925925927,36235,31950,4250,54.90162385084629,11.72899130674762,52.5
Ontario,London,Central London,Central,Student / Young Adult Market,"Draft spatial cluster of nearby dissemination areas; validate with local roads, neighbourhoods, anchors, and retail corridors.",Draft - needs local validation,115,66084,23.59,2801.4,0.1,63103,77565,20375,0.3083197143030083,21415,0.32405726045638883,5810,0.08791840687609709,34290,20480,0.5972586759988335,20540,0.6000584282792871,36915,31540,5370,55.58198960260816,14.546932141405932,80.5
Ontario,London,Northeast London,Northeast,Lower-Density Residential Market,"Draft spatial cluster of nearby dissemination areas; validate with local roads, neighbourhoods, anchors, and retail corridors.",Draft - needs local validation,100,61801,55.62,1111.1,0.1,69190,78299,15855,0.25654924677594215,17177,0.27794048639989644,5205,0.0842219381563405,25580,7240,0.2830336200156372,10695,0.4174473067915691,32470,27775,4735,53.4545804464973,14.582691715429627,58.3
Ontario,London,Southeast London,Southeast,Lower-Density Residential Market,"Draft spatial cluster of nearby dissemination areas; validate with local roads, neighbourhoods, anchors, and retail corridors.",Draft - needs local validation,71,48497,78.48,618,0.1,77900,86952,9680,0.1995999752562014,10798,0.2226529476050065,2805,0.057838629193558366,19125,3890,0.20339869281045753,6015,0.31450980392156863,24210,20925,3200,53.264604810996566,13.217678645187938,48.3
Ontario,London,South London,South,Lower-Density Residential Market,"Draft spatial cluster of nearby dissemination areas; validate with local roads, neighbourhoods, anchors, and retail corridors.",Draft - needs local validation,92,70842,139.02,509.6,0.1,80115,93422,13790,0.1946585358967844,15444,0.21800626746845092,4045,0.057098896135061125,28240,9770,0.3459631728045326,11685,0.41436170212765955,34140,29455,4685,51.36454791176214,13.72290568248389,53.2
Ontario,London,Southwest London,Southwest,Higher-Income Suburban Market,"Draft spatial cluster of nearby dissemination areas; validate with local roads, neighbourhoods, anchors, and retail corridors.",Draft - needs local validation,56,39910,43.68,913.7,0.1,115527,140410,5275,0.1321723878727136,6239,0.15632673515409673,1920,0.04810824354798296,15795,2485,0.15732826843937955,3435,0.21774960380348654,19115,17030,2065,52.27935533384497,10.803034266283024,36.1
Ontario,London,West London,West,Mixed Residential Market,"Draft spatial cluster of nearby dissemination areas; validate with local roads, neighbourhoods, anchors, and retail corridors.",Draft - needs local validation,68,62248,27.29,2281,0.1,85829,98131,15330,0.24627297262562653,16844,0.2705950391980465,5520,0.08867754787302404,24660,8795,0.3566504460665045,11105,0.44941319303925537,31405,27380,4060,53.48700918148076,12.927877726476675,65.7
Ontario,Oshawa,North Oshawa,North,Higher-Income Suburban Market,"Draft spatial cluster of nearby dissemination areas; validate with local roads, neighbourhoods, anchors, and retail corridors.",Draft - needs local validation,71,58132,31.86,1824.6,0.1,102632,114339,10655,0.18328975435216405,12221,0.2102284456065506,3615,0.062186059313287,20235,3995,0.19743019520632568,6395,0.3155687145324451,28990,24685,4300,52.443169747185046,14.832700931355639,49.6
Ontario,Oshawa,Southwest Oshawa,Southwest,Mixed Residential Market,"Draft spatial cluster of nearby dissemination areas; validate with local roads, neighbourhoods, anchors, and retail corridors.",Draft - needs local validation,89,49350,26.38,1870.7,0.1,76776,87686,10420,0.21114488348530902,11338,0.2297467071935157,2865,0.05805471124620061,21085,8355,0.3962532606118093,9285,0.44151212553495006,23790,20150,3645,49.278552213255075,15.32156368221942,62.8
Ontario,Oshawa,Southeast Oshawa,Southeast,Mixed Residential Market,"Draft spatial cluster of nearby dissemination areas; validate with local roads, neighbourhoods, anchors, and retail corridors.",Draft - needs local validation,92,50401,24.55,2053,0.1,83234,94643,10725,0.2127933969564096,11685,0.23184063808257774,2785,0.05525684014206067,19875,5070,0.2550943396226415,6420,0.32277526395173456,25550,21560,4040,51.449707672115494,15.812133072407045,56.3
Ontario,Oshawa,Northwest Oshawa,Northwest,Higher-Income Suburban Market,"Draft spatial cluster of nearby dissemination areas; validate with local roads, neighbourhoods, anchors, and retail corridors.",Draft - needs local validation,13,17500,62.94,278,0.1,106678,121229,4560,0.26057142857142856,5010,0.2862857142857143,1535,0.08771428571428572,5465,240,0.04391582799634035,1720,0.3179297597042514,9155,7800,1345,58.42696629213483,14.691425450573457,42.9
Ontario,St. Catharines,Southwest St. Catharines,Southwest,Lower-Density Residential Market,"Draft spatial cluster of nearby dissemination areas; validate with local roads, neighbourhoods, anchors, and retail corridors.",Draft - needs local validation,39,24763,30.84,803,0.027999999999999997,82199,104352,5435,0.21948067681621775,6071,0.24516415620078344,2005,0.08096757258813553,10120,2795,0.27618577075098816,3635,0.3588351431391905,12610,10590,2000,51.14706592610481,15.860428231562251,52.5
Ontario,St. Catharines,Northwest St. Catharines,Northwest,Mixed Residential Market,"Draft spatial cluster of nearby dissemination areas; validate with local roads, neighbourhoods, anchors, and retail corridors.",Draft - needs local validation,69,40642,26.86,1513.1,0.027999999999999997,77032,91510,7450,0.18330790807539,8200,0.20176172432459033,2200,0.05413119433098765,17955,5610,0.31244778613199664,6245,0.34694444444444444,19730,16850,2895,49.61719670200235,14.673086670045615,54.6
Ontario,St. Catharines,Northeast St. Catharines,Northeast,Mixed Residential Market,"Draft spatial cluster of nearby dissemination areas; validate with local roads, neighbourhoods, anchors, and retail corridors.",Draft - needs local validation,77,43262,19.78,2187.2,0.027999999999999997,74827,85928,7295,0.16862373445518006,8141,0.18817900235772733,2185,0.05050621792797374,18500,4750,0.25675675675675674,6210,0.3358572201189832,20595,17345,3265,47.68384879725086,15.853362466618112,55.6
Ontario,St. Catharines,Southeast St. Catharines,Southeast,Mixed Residential Market,"Draft spatial cluster of nearby dissemination areas; validate with local roads, neighbourhoods, anchors, and retail corridors.",Draft - needs local validation,44,28136,18.7,1504.6,0.027999999999999997,69409,80153,6605,0.23475263008245664,7141,0.25380295706568096,2090,0.07428205857264714,12295,4240,0.34485563237088246,4780,0.3902040816326531,14175,11745,2445,49.07039899728431,17.24867724867725,58.9
Ontario,Thunder Bay,West Thunder Bay,West,Higher-Income Suburban Market,"Draft spatial cluster of nearby dissemination areas; validate with local roads, neighbourhoods, anchors, and retail corridors.",Draft - needs local validation,18,10698,171.06,62.5,0.009000000000000001,126099,141705,1570,0.14675640306599363,1814,0.1695644045616003,615,0.05748738081884464,4065,65,0.015990159901599015,160,0.03975155279503106,5495,5035,455,56.41456582633053,8.280254777070063,23
Ontario,Thunder Bay,Southwest Thunder Bay,Southwest,Mixed Residential Market,"Draft spatial cluster of nearby dissemination areas; validate with local roads, neighbourhoods, anchors, and retail corridors.",Draft - needs local validation,54,27465,21.89,1254.7,0.009000000000000001,78988,89433,5475,0.1993446204259967,5993,0.21820498816675768,1650,0.060076460950300385,12125,2640,0.2177319587628866,3495,0.286123618501842,13245,11830,1400,51.3232104121475,10.570026425066063,50.2
Ontario,Thunder Bay,Southeast Thunder Bay,Southeast,Value-Oriented Rental Market,"Draft spatial cluster of nearby dissemination areas; validate with local roads, neighbourhoods, anchors, and retail corridors.",Draft - needs local validation,35,16415,28.8,570,0.009000000000000001,60023,70030,4025,0.24520255863539445,4321,0.2632348461772769,1320,0.08041425525434054,7810,3045,0.38988476312419973,3560,0.454661558109834,7745,6665,1065,49.18819188191882,13.750806972240154,56.3
Ontario,Thunder Bay,Northeast Thunder Bay,Northeast,Lower-Density Residential Market,"Draft spatial cluster of nearby dissemination areas; validate with local roads, neighbourhoods, anchors, and retail corridors.",Draft - needs local validation,106,54265,106.01,511.9,0.009000000000000001,82815,94745,11275,0.2077766516170644,12397,0.2284529623145674,3715,0.06846033354832765,24400,7050,0.2889344262295082,8355,0.34290991175867025,26875,23860,2950,52.175814563743714,10.976744186046512,50
Ontario,Waterloo,Southwest Waterloo,Southwest,Higher-Income Suburban Market,"Draft spatial cluster of nearby dissemination areas; validate with local roads, neighbourhoods, anchors, and retail corridors.",Draft - needs local validation,42,31722,13.66,2322.3,0.157,115378,137907,6665,0.21010655065884876,7529,0.23734316877876552,2495,0.07865203959397264,11530,1870,0.16218560277536861,3085,0.2636752136752137,16825,14910,1885,56.886684471575734,11.203566121842497,49.9
Ontario,Waterloo,West Waterloo,West,Higher-Income Suburban Market,"Draft spatial cluster of nearby dissemination areas; validate with local roads, neighbourhoods, anchors, and retail corridors.",Draft - needs local validation,34,26935,19.52,1379.9,0.157,118884,142732,5315,0.19732689808798962,6155,0.22851308706144421,1965,0.07295340634861704,8860,900,0.10158013544018059,1740,0.19627749576988154,13965,12400,1550,58.71212121212122,11.099176512710347,41.1
Ontario,Waterloo,East Waterloo,East,Student / Young Adult Market,"Draft spatial cluster of nearby dissemination areas; validate with local roads, neighbourhoods, anchors, and retail corridors.",Draft - needs local validation,46,38307,12.59,3042.7,0.157,69341,85767,17010,0.4440441694729423,17906,0.467434150416373,7975,0.20818649333020076,17615,12060,0.6846437695146183,11320,0.6498277841561424,21000,17910,3025,54.08425184961497,14.404761904761903,86.6
Ontario,Waterloo,Northeast Waterloo,Northeast,Higher-Income Suburban Market,"Draft spatial cluster of nearby dissemination areas; validate with local roads, neighbourhoods, anchors, and retail corridors.",Draft - needs local validation,33,24472,18.28,1338.7,0.157,123386,153511,4560,0.18633540372670807,5268,0.21526642693690748,1680,0.06864988558352403,8945,1460,0.16321967579653437,1985,0.22031076581576026,14190,12765,1430,62.65030674846626,10.077519379844961,42.3
Ontario,Windsor,Northeast Windsor,Northeast,Mixed Residential Market,"Draft spatial cluster of nearby dissemination areas; validate with local roads, neighbourhoods, anchors, and retail corridors.",Draft - needs local validation,61,48462,23.67,2047.4,0.057,82359,94659,8455,0.17446659238165985,9597,0.19803144731954933,2500,0.0515868102843465,19455,4235,0.21768182986378823,5575,0.2867798353909465,22350,18110,4195,45.229770229770224,18.769574944071586,51.5
Ontario,Windsor,Northeast 2 Windsor,Northeast 2,Mixed Residential Market,"Draft spatial cluster of nearby dissemination areas; validate with local roads, neighbourhoods, anchors, and retail corridors.",Draft - needs local validation,82,42018,18.87,2226.7,0.057,68848,81797,7980,0.18991860631158075,8816,0.20981484125850824,2280,0.05426245894616593,19075,4815,0.2524246395806029,6310,0.3316688567674113,19665,15760,3900,44.620611551528874,19.832189168573606,55.3
Ontario,Windsor,South Windsor,South,Higher-Income Suburban Market,"Draft spatial cluster of nearby dissemination areas; validate with local roads, neighbourhoods, anchors, and retail corridors.",Draft - needs local validation,68,48189,53.64,898.4,0.057,102827,119744,8905,0.18479321006868787,10329,0.2143435223806263,3340,0.06931042354064205,16440,730,0.04440389294403893,2185,0.13274605103280682,23340,19505,3780,49.83392948390393,16.195372750642672,35.6
Ontario,Windsor,Northwest Windsor,Northwest,Value-Oriented Rental Market,"Draft spatial cluster of nearby dissemination areas; validate with local roads, neighbourhoods, anchors, and retail corridors.",Draft - needs local validation,118,59563,17.83,3340.6,0.057,55926,66800,16125,0.27072175679532595,17293,0.2903312459076944,5220,0.08763829894397529,27635,14135,0.5114890537362041,16040,0.5805284111473037,27505,22025,5525,44.15597433841219,20.087256862388656,76.8
Ontario,Windsor,West Windsor,West,Lower-Density Residential Market,"Draft spatial cluster of nearby dissemination areas; validate with local roads, neighbourhoods, anchors, and retail corridors.",Draft - needs local validation,53,31428,32.04,980.9,0.057,70863,83139,8035,0.2556637393407153,8889,0.2828369606720122,3085,0.09816087565228458,11645,2895,0.24860455130957493,5230,0.4473909324208725,14100,11355,2750,44.64320817770788,19.50354609929078,56.8