Rank,Brand,Monthly_Fee_Low_CAD,Monthly_Fee_High_CAD,Monthly_Fee_Display,Original_Fee_Found,Conversion_Method,One_Time_Join_Fee_CAD,Annual_Fee_CAD,Price_Type,Pricing_Confidence,Pricing_Source_URL,Notes
1,GoodLife Fitness,88.81,88.81,$88.81/month,$40.99 bi-weekly,$40.99 × 26 ÷ 12,59.99,,Published membership price; club-variable,High,https://www.goodlifefitness.com/membership.html,Monthly equivalent excludes join fee.
2,Fit4Less,17.31,30.31,$17.31–$30.31/month,$7.99–$13.99 bi-weekly,bi-weekly price × 26 ÷ 12,,49.99,Published budget membership price,High,https://www.fit4less.ca/membership,Monthly equivalent excludes $49.99 annual fee; annual fee equals about $4.17/month if spread over 12 months.
3,Planet Fitness,15,29.99,$15.00–$29.99/month,$15/month starting price; higher tier around $29.99/month,Already monthly,,49,Published starting monthly price; club offer varies,High,https://www.planetfitness.ca/gym-memberships,Monthly equivalent excludes annual fee.
4,Anytime Fitness,80.06,80.06,$80.06/month,$36.95 bi-weekly example,$36.95 × 26 ÷ 12,,,Location-specific example,Medium-high for example club only,https://www.anytimefitness.ca/gyms/5414/toronto-on-m5v-0c7/,Do not treat as Ontario-wide price; Anytime pricing varies by independently owned club.
5,Crunch Fitness,14.99,34.99,$14.99–$34.99/month,$14.99/month starting price; local examples up to $34.99/month,Already monthly,,,Published starting price; exact fee club-specific,Medium-high,https://www.crunchfitness.ca/about,Use local Crunch club page for exact plan.
6,Orangetheory Fitness,119,219,$119.00–$219.00/month,"$119, $159, $219/month examples",Already monthly,,,Studio-specific boutique membership,High for example studio only,https://www.orangetheory.com/en-ca/locations/toronto-ontario-can139,Studio-specific pricing; useful as premium boutique benchmark.
7,F45 Training,,,Not published,$39.99 trial offer only,No recurring monthly fee available to convert,,,Trial price only,Low for monthly fee,https://f45training.com/ca/studio/torontodowntown/,Do not convert trial pricing into monthly membership.
8,Movati Athletic,,,Not published,Student discount / facility fee info only,No regular monthly or bi-weekly base fee available to convert,,,Club selection required,Low for monthly fee,https://movatiathletic.com/joinnow/,Needs club-level quote or membership flow.
9,LA Fitness,39.99,49.99,$39.99–$49.99/month,$39.99–$49.99/month,Already monthly,0,79,Club-specific official rate page,High for example club only,https://www.lafitness.com/Pages/MembershipSignUpRate.aspx?id=yxnj7Nqsc0Rq%2BVMCpBZHjg%3D%3D,Monthly equivalent excludes annual fee and first/last month dues.
10,World Gym,,,Not published,No clear official Ontario recurring fee found,No official recurring fee available to convert,,,Manual verification required,Low,https://www.worldgym.com/locations/ontario,Leave blank until official club-level price is verified.
