Audit_Date,Audit_Type,Gym_Name,Municipality,Issue,Action,Source
2026-07-30,Wording cleanup,Fit4Less Windsor Devonshire,Windsor,Verification_Status said ratings not collected although Google_Rating is populated,Updated wording to indicate SerpApi rating/review count populated,Existing SerpApi audit fields
2026-07-30,Wording cleanup,Fit4Less Windsor Central,Windsor,Verification_Status said ratings not collected although Google_Rating is populated,Updated wording to indicate SerpApi rating/review count populated,Existing SerpApi audit fields
2026-07-30,Wording cleanup,Fit4Less London Oakridge,London,Verification_Status said ratings not collected although Google_Rating is populated,Updated wording to indicate SerpApi rating/review count populated,Existing SerpApi audit fields
2026-07-30,Wording cleanup,Fit4Less London Westmount Mall,London,Verification_Status said ratings not collected although Google_Rating is populated,Updated wording to indicate SerpApi rating/review count populated,Existing SerpApi audit fields
2026-07-30,Wording cleanup,Fit4Less London Proudfoot and Oxford,London,Verification_Status said ratings not collected although Google_Rating is populated,Updated wording to indicate SerpApi rating/review count populated,Existing SerpApi audit fields
2026-07-30,Wording cleanup,Fit4Less London Wellington Gate,London,Verification_Status said ratings not collected although Google_Rating is populated,Updated wording to indicate SerpApi rating/review count populated,Existing SerpApi audit fields
2026-07-30,Wording cleanup,Fit4Less Waterloo Northfield,Waterloo,Verification_Status said ratings not collected although Google_Rating is populated,Updated wording to indicate SerpApi rating/review count populated,Existing SerpApi audit fields
2026-07-30,Wording cleanup,Fit4Less Kitchener Weber St East,Kitchener,Verification_Status said ratings not collected although Google_Rating is populated,Updated wording to indicate SerpApi rating/review count populated,Existing SerpApi audit fields
2026-07-30,Wording cleanup,Fit4Less Guelph Edinburgh,Guelph,Verification_Status said ratings not collected although Google_Rating is populated,Updated wording to indicate SerpApi rating/review count populated,Existing SerpApi audit fields
2026-07-30,Wording cleanup,Fit4Less Hamilton Centre,Hamilton,Verification_Status said ratings not collected although Google_Rating is populated,Updated wording to indicate SerpApi rating/review count populated,Existing SerpApi audit fields
2026-07-30,Wording cleanup,Fit4Less Hamilton Barton at Centennial Pkwy,Hamilton,Verification_Status said ratings not collected although Google_Rating is populated,Updated wording to indicate SerpApi rating/review count populated,Existing SerpApi audit fields
2026-07-30,Wording cleanup,Fit4Less St. Catharines Fairview,St. Catharines,Verification_Status said ratings not collected although Google_Rating is populated,Updated wording to indicate SerpApi rating/review count populated,Existing SerpApi audit fields
2026-07-30,Wording cleanup,Fit4Less St. Catharines Glendale Ave,St. Catharines,Verification_Status said ratings not collected although Google_Rating is populated,Updated wording to indicate SerpApi rating/review count populated,Existing SerpApi audit fields
2026-07-30,Wording cleanup,Fit4Less Barrie Cundles Road,Barrie,Verification_Status said ratings not collected although Google_Rating is populated,Updated wording to indicate SerpApi rating/review count populated,Existing SerpApi audit fields
2026-07-30,Wording cleanup,Fit4Less Kingston Norwest,Kingston,Verification_Status said ratings not collected although Google_Rating is populated,Updated wording to indicate SerpApi rating/review count populated,Existing SerpApi audit fields
2026-07-30,Wording cleanup,Fit4Less Thunder Bay Intercity,Thunder Bay,Verification_Status said ratings not collected although Google_Rating is populated,Updated wording to indicate SerpApi rating/review count populated,Existing SerpApi audit fields
2026-07-30,Wording cleanup,Planet Fitness Windsor Enterprise Way,Windsor,Verification_Status said ratings not collected although Google_Rating is populated,Updated wording to indicate SerpApi rating/review count populated,Existing SerpApi audit fields
2026-07-30,Wording cleanup,Planet Fitness Windsor Walker Rd,Windsor,Verification_Status said ratings not collected although Google_Rating is populated,Updated wording to indicate SerpApi rating/review count populated,Existing SerpApi audit fields
2026-07-30,Wording cleanup,Planet Fitness London Oxbury Mall,London,Verification_Status said ratings not collected although Google_Rating is populated,Updated wording to indicate SerpApi rating/review count populated,Existing SerpApi audit fields
2026-07-30,Wording cleanup,Planet Fitness Barrie,Barrie,Verification_Status said ratings not collected although Google_Rating is populated,Updated wording to indicate SerpApi rating/review count populated,Existing SerpApi audit fields
2026-07-30,Wording cleanup,Planet Fitness Oshawa,Oshawa,Verification_Status said ratings not collected although Google_Rating is populated,Updated wording to indicate SerpApi rating/review count populated,Existing SerpApi audit fields
2026-07-30,Wording cleanup,Planet Fitness Kitchener,Kitchener,Verification_Status said ratings not collected although Google_Rating is populated,Updated wording to indicate SerpApi rating/review count populated,Existing SerpApi audit fields
2026-07-30,Wording cleanup,Planet Fitness St. Catharines,St. Catharines,Verification_Status said ratings not collected although Google_Rating is populated,Updated wording to indicate SerpApi rating/review count populated,Existing SerpApi audit fields
2026-07-30,Wording cleanup,Fit4Less London Huron Heights,London,Verification_Status said ratings not collected although Google_Rating is populated,Updated wording to indicate SerpApi rating/review count populated,Existing SerpApi audit fields
2026-07-30,Wording cleanup,Fit4Less London Argyle Mall,London,Verification_Status said ratings not collected although Google_Rating is populated,Updated wording to indicate SerpApi rating/review count populated,Existing SerpApi audit fields
2026-07-30,Source URL correction,Fit4Less Windsor Devonshire,Windsor,Fit4Less Source_URL was generic/wrong (https://www.fit4less.ca/locations/provinces/ontario/windsor),Updated to row-level official Fit4Less club page,https://www.fit4less.ca/locations/provinces/ontario/windsor/windsor-devonshire
2026-07-30,Source URL correction,Fit4Less Windsor Central,Windsor,Fit4Less Source_URL was generic/wrong (https://www.fit4less.ca/locations/provinces/ontario/windsor),Updated to row-level official Fit4Less club page,https://www.fit4less.ca/locations/provinces/ontario/windsor/windsor-central
2026-07-30,Source URL correction,Fit4Less London Oakridge,London,Fit4Less Source_URL was generic/wrong (https://www.fit4less.ca/locations/provinces/ontario/london),Updated to row-level official Fit4Less club page,https://www.fit4less.ca/locations/provinces/ontario/london/london-oakridge
2026-07-30,Source URL correction,Fit4Less London Westmount Mall,London,Fit4Less Source_URL was generic/wrong (https://www.fit4less.ca/locations/provinces/ontario/london),Updated to row-level official Fit4Less club page,https://www.fit4less.ca/locations/provinces/ontario/london/london-westmount-mall
2026-07-30,Source URL correction,Fit4Less London Proudfoot and Oxford,London,Fit4Less Source_URL was generic/wrong (https://www.fit4less.ca/locations/provinces/ontario/london),Updated to row-level official Fit4Less club page,https://www.fit4less.ca/locations/provinces/ontario/london/london-proudfoot-and-oxford
2026-07-30,Source URL correction,Fit4Less London Wellington Gate,London,Fit4Less Source_URL was generic/wrong (https://www.fit4less.ca/locations/provinces/ontario/london),Updated to row-level official Fit4Less club page,https://www.fit4less.ca/locations/provinces/ontario/london/london-wellington-gate
2026-07-30,Source URL correction,Fit4Less Waterloo Northfield,Waterloo,Fit4Less Source_URL was generic/wrong (https://www.fit4less.ca/locations/provinces/ontario/windsor),Updated to row-level official Fit4Less club page,https://www.fit4less.ca/locations/provinces/ontario/waterloo/waterloo-northfield
2026-07-30,Source URL correction,Fit4Less Kitchener Weber St East,Kitchener,Fit4Less Source_URL was generic/wrong (https://www.fit4less.ca/locations/provinces/ontario/kitchener),Updated to row-level official Fit4Less club page,https://www.fit4less.ca/locations/provinces/ontario/kitchener/kitchener-weber-st-east
2026-07-30,Source URL correction,Fit4Less Guelph Edinburgh,Guelph,Fit4Less Source_URL was generic/wrong (https://www.fit4less.ca/locations/provinces/ontario/windsor),Updated to row-level official Fit4Less club page,https://www.fit4less.ca/locations/provinces/ontario/guelph/guelph-edinburgh
2026-07-30,Source URL correction,Fit4Less Hamilton Centre,Hamilton,Fit4Less Source_URL was generic/wrong (https://www.fit4less.ca/locations/provinces/ontario/hamilton),Updated to row-level official Fit4Less club page,https://www.fit4less.ca/locations/provinces/ontario/hamilton/hamilton-centre
2026-07-30,Source URL correction,Fit4Less Hamilton Barton at Centennial Pkwy,Hamilton,Fit4Less Source_URL was generic/wrong (https://www.fit4less.ca/locations/provinces/ontario/hamilton),Updated to row-level official Fit4Less club page,https://www.fit4less.ca/locations/provinces/ontario/hamilton/hamilton-barton-at-centennial-pkwy
2026-07-30,Source URL correction,Fit4Less St. Catharines Fairview,St. Catharines,Fit4Less Source_URL was generic/wrong (https://www.fit4less.ca/locations/provinces/ontario/windsor),Updated to row-level official Fit4Less club page,https://www.fit4less.ca/locations/provinces/ontario/st-catharines/st-catharines-fairview
2026-07-30,Source URL correction,Fit4Less St. Catharines Glendale Ave,St. Catharines,Fit4Less Source_URL was generic/wrong (https://www.fit4less.ca/locations/provinces/ontario/windsor),Updated to row-level official Fit4Less club page,https://www.fit4less.ca/locations/provinces/ontario/st-catharines/st-catharines-glendale-ave
2026-07-30,Source URL correction,Fit4Less Barrie Cundles Road,Barrie,Fit4Less Source_URL was generic/wrong (https://www.fit4less.ca/locations/provinces/ontario/barrie),Updated to row-level official Fit4Less club page,https://www.fit4less.ca/locations/provinces/ontario/barrie/barrie-cundles-road
2026-07-30,Source URL correction,Fit4Less Kingston Norwest,Kingston,Fit4Less Source_URL was generic/wrong (https://www.fit4less.ca/locations/provinces/ontario/kingston),Updated to row-level official Fit4Less club page,https://www.fit4less.ca/locations/provinces/ontario/kingston/kingston-norwest
2026-07-30,Source URL correction,Fit4Less Thunder Bay Intercity,Thunder Bay,Fit4Less Source_URL was generic/wrong (https://www.fit4less.ca/locations/provinces/ontario/thunder-bay),Updated to row-level official Fit4Less club page,https://www.fit4less.ca/locations/provinces/ontario/thunder-bay/thunder-bay-intercity
2026-07-30,Missing gym added,Fit4Less Windsor Ambassador Plaza,Windsor,Official Fit4Less Windsor Ambassador Plaza was missing from Dataset C,"Added as GYM_0210, assigned to West Windsor",https://www.fit4less.ca/locations/provinces/ontario/windsor/windsor-ambassador-plaza
