Municipality,Market Zone,Gym Name,Brand,Price Tier,Monthly Fee CAD,Rating,Reviews,Training,Address
Waterloo,East Waterloo,Crunch Fitness,Crunch Fitness,Budget/Mid,15.99,4.0,1243,Yes,"Crunch Fitness, 560, Parkside Drive, Waterloo, Region of Waterloo, Southwestern Ontario, Ontario, N2L 5Z4, Canada"
Waterloo,East Waterloo,GoodLife Fitness,GoodLife Fitness,Mid/Premium,35.0,4.3,840,Yes,"GoodLife Fitness, 270, Weber Street North, Waterloo, Region of Waterloo, Southwestern Ontario, Ontario, N2J 3H6, Canada"
Waterloo,East Waterloo,Anytime Fitness,Anytime Fitness,Budget/Mid,,4.5,756,Yes,"Anytime Fitness, 75, Weber Street North, Waterloo, Region of Waterloo, Southwestern Ontario, Ontario, N2J 3G0, Canada"
Waterloo,East Waterloo,Shamuon Generation of Martial Arts,Local / Independent,Premium/Specialty,,4.9,62,Likely,"Shamuon Generation of Martial Arts, 550, Parkside Drive, Waterloo, Region of Waterloo, Southwestern Ontario, Ontario, N2L 5V4, Canada"
Waterloo,East Waterloo,Hauser Fitness Centre,Local / Independent,Unknown,,4.6,41,Unknown,"Hauser Fitness Centre, 101, Father David Bauer Drive, Uptown, Waterloo, Region of Waterloo, Southwestern Ontario, Ontario, N2L 0B4, Canada"
Waterloo,East Waterloo,Foundation Fitness,Local / Independent,Unknown,,5.0,5,Unknown,"Foundation Fitness, 496, Albert Street, Waterloo, Region of Waterloo, Southwestern Ontario, Ontario, N2L 3V4, Canada"
Waterloo,East Waterloo,St. Louis Gym,Local / Independent,Unknown,,5.0,2,Unknown,"St. Louis Gym, 77, Willow Street, Waterloo, Region of Waterloo, Southwestern Ontario, Ontario, N2J 1J3, Canada"
Kitchener,Northwest Kitchener,F45 Training,F45 Training,Premium,,4.8,97,Likely,"F45 Training, 137, Iron Horse Trail, Cherry Hill, Kitchener, Region of Waterloo, Southwestern Ontario, Ontario, N2G 4X8, Canada"
Kitchener,Northwest Kitchener,Midtown Yoga KW,Local / Independent,Premium/Specialty,,4.9,289,Likely,"Midtown Yoga KW, 663, Belmont Avenue West, Belmont Village, Westmount, Kitchener, Region of Waterloo, Southwestern Ontario, Ontario, N2M 1N8, Canada"
Kitchener,Northwest Kitchener,ZM Cycle and Fitness,Local / Independent,Unknown,,4.2,90,Unknown,"ZM Cycle and Fitness, 131, Strange Street, Cherry Hill, Kitchener, Region of Waterloo, Southwestern Ontario, Ontario, N2G 1R4, Canada"
Kitchener,Northwest Kitchener,Volpe Martial Arts,Local / Independent,Premium/Specialty,,5.0,53,Likely,"Volpe Martial Arts, Gage Avenue, Victoria Hills, Kitchener, Region of Waterloo, Southwestern Ontario, Ontario, N2M 5C6, Canada"
Kitchener,Northwest Kitchener,Personal Edge Training,Local / Independent,Premium/Specialty,,4.9,47,Likely,"Personal Edge Training, 417, King Street West, Downtown, City Commercial Core, Kitchener, Region of Waterloo, Southwestern Ontario, Ontario, N2G 1C2, Canada"
Kitchener,Northwest Kitchener,Classical Martial Arts Centre,Local / Independent,Premium/Specialty,,5.0,27,Likely,"Classical Martial Arts Centre, 300, Gage Avenue, Victoria Hills, Kitchener, Region of Waterloo, Southwestern Ontario, Ontario, N2M 5C6, Canada"
London,Central London,GoodLife Fitness,GoodLife Fitness,Mid/Premium,35.0,4.1,493,Yes,"GoodLife Fitness, 355, Wellington Street, London, Southwestern Ontario, Ontario, N6A 3N7, Canada"
London,Central London,Elite Personal Fitness,Local / Independent,Unknown,,5.0,5,Unknown,"Elite Personal Fitness, York Street, London, Southwestern Ontario, Ontario, N6A 2R5, Canada"
London,Central London,Yoga Shack,Local / Independent,Premium/Specialty,,,0,Likely,"Yoga Shack, Piccadilly Street, London, Southwestern Ontario, Ontario, N6A 3H1, Canada"
Windsor,Northwest Windsor,Windsor Rock Gym,Local / Independent,Unknown,,4.8,257,Unknown,"Windsor Rock Gym, 1215, Walker Road, Walkerville, Windsor, Southwestern Ontario, Ontario, N8Y 3L8, Canada"
Windsor,Northwest Windsor,True Fitness Windsor,Local / Independent,Unknown,,4.6,221,Unknown,"True Fitness Windsor, Ouellette Avenue, City Centre, Windsor, Southwestern Ontario, Ontario, N9A 1B2, Canada"
Windsor,Northwest Windsor,Jackson Park Medical Center / Windsor Squash & Fitness,Local / Independent,Unknown,,4.5,88,Unknown,"Jackson Park Medical Center / Windsor Squash & Fitness, 2475, McDougall Street, Remington Park, Windsor, Southwestern Ontario, Ontario, N8X 3N9, Canada"
Windsor,Northwest Windsor,Refine Fitness Studio,Local / Independent,Unknown,,4.8,88,Unknown,"Refine Fitness Studio, 1623, Lincoln Road, Walkerville, Windsor, Southwestern Ontario, Ontario, N8Y 2K5, Canada"
Hamilton,Central Hamilton,Fit4Less Hamilton Centre,Fit4Less,Budget,15.98,4.0,686,No,"1211 Barton Street East, Hamilton, ON L8H 2V4"
Hamilton,Central Hamilton,Anytime Fitness,Anytime Fitness,Budget/Mid,,5.0,453,Yes,"Anytime Fitness, 59, King Street East, Beasley, Hamilton, Golden Horseshoe, Ontario, L8N 1A6, Canada"
Hamilton,Central Hamilton,GoodLife Fitness,GoodLife Fitness,Mid/Premium,35.0,3.9,178,Yes,"GoodLife Fitness, 2, King Street West, Hess Village, Central, Hamilton, Golden Horseshoe, Ontario, L8P 1A1, Canada"
Hamilton,Central Hamilton,Body Pro Gym,Local / Independent,Unknown,,4.1,697,Unknown,"Body Pro Gym, East 21st Street, Burkholme, Hamilton, Golden Horseshoe, Ontario, L9A 4V3, Canada"
Hamilton,Central Hamilton,Change House and Gym,Local / Independent,Unknown,,4.0,686,Unknown,"Change House and Gym, Dominion Road, Industrial Sector F, Hamilton, Golden Horseshoe, Ontario, L8H 2W6, Canada"
Hamilton,Central Hamilton,Gravity Climbing Gym,Local / Independent,Unknown,,4.5,509,Unknown,"Gravity Climbing Gym, Frid Street, Kirkendall North, Hamilton, Golden Horseshoe, Ontario, L8P 4M4, Canada"
Hamilton,Central Hamilton,The Gym on Fennell,Local / Independent,Unknown,,4.8,309,Unknown,"The Gym on Fennell, 989, Fennell Avenue East, Sunninghill, Hamilton, Golden Horseshoe, Ontario, L8T 1R1, Canada"
Hamilton,Central Hamilton,Amazing Fitness,Local / Independent,Unknown,,4.7,294,Unknown,"Amazing Fitness, 702, King Street East, Gibson, Hamilton, Golden Horseshoe, Ontario, L8M 1C3, Canada"
Kingston,South Kingston,GoodLife Fitness,GoodLife Fitness,Mid/Premium,35.0,4.7,14,Yes,"GoodLife Fitness, Bath Road, Kingston, Eastern Ontario, Ontario, K7M 4X4, Canada"
Kingston,South Kingston,Ross Gym,Local / Independent,Unknown,,4.4,643,Unknown,"Ross Gym, Alumni Way, University District, Kingston, Eastern Ontario, Ontario, K7L 3P5, Canada"
Kingston,South Kingston,Bartlett Gym,Local / Independent,Unknown,,4.4,643,Unknown,"Bartlett Gym, Athletes’ Walk, University District, Kingston, Eastern Ontario, Ontario, K7L 3P5, Canada"
Kingston,South Kingston,Morro Yoga,Local / Independent,Premium/Specialty,,5.0,427,Likely,"Morro Yoga, 27, Princess Street, Sydenham, Kingston, Eastern Ontario, Ontario, K7L 1A3, Canada"
Kingston,South Kingston,The Boiler Room Climbing Gym,Local / Independent,Unknown,,4.6,313,Unknown,"The Boiler Room Climbing Gym, 993, Princess Street, Kingston, Eastern Ontario, Ontario, K7L 1H3, Canada"
Kingston,South Kingston,Hot Yoga,Local / Independent,Premium/Specialty,,5.0,126,Likely,"Hot Yoga, 80, Princess Street, Sydenham, Kingston, Eastern Ontario, Ontario, K7L 1A6, Canada"
Kingston,South Kingston,Hatha Yoga,Local / Independent,Premium/Specialty,,5.0,119,Likely,"Hatha Yoga, Ordnance Street, Kingston, Eastern Ontario, Ontario, K7K 1A5, Canada"
Kingston,South Kingston,Queen Street Fitness,Local / Independent,Unknown,,4.9,87,Unknown,"Queen Street Fitness, 226, Queen Street, University District, Kingston, Eastern Ontario, Ontario, K7L 1B5, Canada"
